R_bc_vol,R_bc_Mass,Eabs_532,Eabs_405,Eabs_632,Core_VED,Core_Volume,Mask_CoatingType
NAN,0.018181818,NAN,NAN,NAN,167.1323487,2.44E-15,NAN
NAN,0.013452915,NAN,NAN,NAN,167.888614,2.48E-15,NAN
NAN,NAN,NAN,NAN,NAN,NAN,NAN,NAN
NAN,NAN,NAN,NAN,NAN,NAN,NAN,NAN
NAN,NAN,NAN,NAN,NAN,NAN,NAN,NAN
NAN,NAN,NAN,NAN,NAN,NAN,NAN,NAN
NAN,NAN,NAN,NAN,NAN,NAN,NAN,NAN
NAN,NAN,NAN,NAN,NAN,NAN,NAN,NAN
NAN,NAN,NAN,NAN,NAN,NAN,NAN,NAN
NAN,NAN,NAN,NAN,NAN,NAN,NAN,NAN
NAN,-0.001715266,NAN,NAN,NAN,183.5689156,3.24E-15,NAN
NAN,NAN,NAN,NAN,NAN,NAN,NAN,NAN
NAN,NAN,NAN,NAN,NAN,NAN,NAN,NAN
NAN,NAN,NAN,NAN,NAN,NAN,NAN,NAN
NAN,0.012820513,NAN,NAN,NAN,135.4092222,1.30E-15,NAN
NAN,NAN,NAN,NAN,NAN,NAN,NAN,NAN
NAN,NAN,NAN,NAN,NAN,NAN,NAN,NAN
NAN,NAN,NAN,NAN,NAN,NAN,NAN,NAN
NAN,NAN,NAN,NAN,NAN,NAN,NAN,NAN
NAN,NAN,NAN,NAN,NAN,NAN,NAN,NAN
NAN,0,NAN,NAN,NAN,206.5074172,4.61E-15,NAN
NAN,NAN,NAN,NAN,NAN,NAN,NAN,NAN
NAN,NAN,NAN,NAN,NAN,NAN,NAN,NAN
NAN,NAN,NAN,NAN,NAN,NAN,NAN,NAN
NAN,NAN,NAN,NAN,NAN,NAN,NAN,NAN
NAN,NAN,NAN,NAN,NAN,NAN,NAN,NAN
NAN,0,NAN,NAN,NAN,167.2588683,2.45E-15,NAN
NAN,NAN,NAN,NAN,NAN,NAN,NAN,NAN
NAN,NAN,NAN,NAN,NAN,NAN,NAN,NAN
NAN,NAN,NAN,NAN,NAN,NAN,NAN,NAN
NAN,NAN,NAN,NAN,NAN,NAN,NAN,NAN
NAN,0.013100437,NAN,NAN,NAN,134.437817,1.27E-15,NAN
NAN,NAN,NAN,NAN,NAN,NAN,NAN,NAN
NAN,NAN,NAN,NAN,NAN,NAN,NAN,NAN
NAN,NAN,NAN,NAN,NAN,NAN,NAN,NAN
NAN,0.116591928,NAN,NAN,NAN,133.2532812,1.24E-15,NAN
NAN,NAN,NAN,NAN,NAN,NAN,NAN,NAN
NAN,NAN,NAN,NAN,NAN,NAN,NAN,NAN
NAN,NAN,NAN,NAN,NAN,NAN,NAN,NAN
NAN,NAN,NAN,NAN,NAN,NAN,NAN,NAN
NAN,NAN,NAN,NAN,NAN,NAN,NAN,NAN
NAN,NAN,NAN,NAN,NAN,NAN,NAN,NAN
NAN,0.122171946,NAN,NAN,NAN,132.8537188,1.23E-15,NAN
NAN,NAN,NAN,NAN,NAN,NAN,NAN,NAN
NAN,NAN,NAN,NAN,NAN,NAN,NAN,NAN
NAN,NAN,NAN,NAN,NAN,NAN,NAN,NAN
NAN,0.102678571,NAN,NAN,NAN,133.452167,1.24E-15,NAN
NAN,NAN,NAN,NAN,NAN,NAN,NAN,NAN
NAN,NAN,NAN,NAN,NAN,NAN,NAN,NAN
NAN,NAN,NAN,NAN,NAN,NAN,NAN,NAN
NAN,0.090909091,NAN,NAN,NAN,134.8280595,1.28E-15,NAN
NAN,NAN,NAN,NAN,NAN,NAN,NAN,NAN
NAN,NAN,NAN,NAN,NAN,NAN,NAN,NAN
NAN,NAN,NAN,NAN,NAN,NAN,NAN,NAN
NAN,0,NAN,NAN,NAN,135.4092222,1.30E-15,NAN
NAN,NAN,NAN,NAN,NAN,NAN,NAN,NAN
NAN,NAN,NAN,NAN,NAN,NAN,NAN,NAN
NAN,NAN,NAN,NAN,NAN,NAN,NAN,NAN
NAN,NAN,NAN,NAN,NAN,NAN,NAN,NAN
NAN,NAN,NAN,NAN,NAN,NAN,NAN,NAN
NAN,NAN,NAN,NAN,NAN,NAN,NAN,NAN
NAN,NAN,NAN,NAN,NAN,NAN,NAN,NAN
NAN,NAN,NAN,NAN,NAN,NAN,NAN,NAN
NAN,NAN,NAN,NAN,NAN,NAN,NAN,NAN
NAN,NAN,NAN,NAN,NAN,NAN,NAN,1
NAN,3.615384615,NAN,NAN,NAN,167.3851968,2.46E-15,NAN
NAN,NAN,NAN,NAN,NAN,NAN,NAN,1
NAN,NAN,NAN,NAN,NAN,NAN,NAN,NAN
NAN,NAN,NAN,NAN,NAN,NAN,NAN,NAN
NAN,0.323529412,NAN,NAN,NAN,167.3851968,2.46E-15,NAN
NAN,NAN,NAN,NAN,NAN,NAN,NAN,NAN
NAN,0.795801527,NAN,NAN,NAN,177.1549887,2.91E-15,NAN
NAN,NAN,NAN,NAN,NAN,NAN,NAN,NAN
NAN,NAN,NAN,NAN,NAN,NAN,NAN,NAN
NAN,NAN,NAN,NAN,NAN,NAN,NAN,NAN
NAN,NAN,NAN,NAN,NAN,NAN,NAN,NAN
NAN,NAN,NAN,NAN,NAN,NAN,NAN,NAN
NAN,NAN,NAN,NAN,NAN,NAN,NAN,NAN
NAN,NAN,NAN,NAN,NAN,NAN,NAN,NAN
NAN,NAN,NAN,NAN,NAN,NAN,NAN,NAN
NAN,0.161073826,NAN,NAN,NAN,146.7737461,1.66E-15,NAN
NAN,NAN,NAN,NAN,NAN,NAN,NAN,NAN
NAN,NAN,NAN,NAN,NAN,NAN,NAN,NAN
1.630982828,1.268542199,NAN,NAN,NAN,160.6824864,2.17E-15,1
NAN,NAN,NAN,NAN,NAN,NAN,NAN,NAN
NAN,NAN,NAN,NAN,NAN,NAN,NAN,NAN
NAN,NAN,NAN,NAN,NAN,NAN,NAN,NAN
NAN,NAN,NAN,NAN,NAN,NAN,NAN,1
NAN,NAN,NAN,NAN,NAN,NAN,NAN,NAN
5.142857143,4,1.58005592,1.572346775,1.480913117,158.0364519,2.07E-15,1
NAN,NAN,NAN,NAN,NAN,NAN,NAN,NAN
5.982770998,4.653266332,1.630162473,1.629643879,1.602329296,161.6357099,2.21E-15,1
NAN,NAN,NAN,NAN,NAN,NAN,NAN,NAN
NAN,NAN,NAN,NAN,NAN,NAN,NAN,1
NAN,NAN,NAN,NAN,NAN,NAN,NAN,NAN
NAN,NAN,NAN,NAN,NAN,NAN,NAN,1
NAN,NAN,NAN,NAN,NAN,NAN,NAN,NAN
NAN,NAN,NAN,NAN,NAN,NAN,NAN,1
7.738749622,6.019027484,1.726580902,1.748474715,1.836734694,171.2103458,2.63E-15,1
NAN,NAN,NAN,NAN,NAN,NAN,NAN,NAN
NAN,NAN,NAN,NAN,NAN,NAN,NAN,NAN
4.332533013,3.369747899,1.452609598,1.450648554,1.325422828,155.8830984,1.98E-15,1
NAN,NAN,NAN,NAN,NAN,NAN,NAN,1
NAN,NAN,NAN,NAN,NAN,NAN,NAN,NAN
NAN,NAN,NAN,NAN,NAN,NAN,NAN,NAN
NAN,NAN,NAN,NAN,NAN,NAN,NAN,1
0.750267189,0.583541147,1.132203291,1.148568608,1.082236237,162.0408136,2.23E-15,1
NAN,NAN,NAN,NAN,NAN,NAN,NAN,NAN
NAN,NAN,NAN,NAN,NAN,NAN,NAN,NAN
NAN,NAN,NAN,NAN,NAN,NAN,NAN,1
5.677484787,4.415821501,1.636735,1.690257161,1.685470697,173.5902242,2.74E-15,1
NAN,NAN,NAN,NAN,NAN,NAN,NAN,NAN
NAN,NAN,NAN,NAN,NAN,NAN,NAN,NAN
NAN,NAN,NAN,NAN,NAN,NAN,NAN,1
1.446070633,1.124721604,1.228522617,1.232555591,1.158992395,168.264205,2.49E-15,1
NAN,NAN,NAN,NAN,NAN,NAN,NAN,NAN
NAN,NAN,NAN,NAN,NAN,NAN,NAN,NAN
NAN,NAN,NAN,NAN,NAN,NAN,NAN,1
1.824136153,1.418772563,1.309471058,1.327637713,1.238884058,180.4732666,3.08E-15,1
6.785836805,5.27787307,1.631032664,1.67698976,1.721367101,183.5689156,3.24E-15,1
NAN,NAN,NAN,NAN,NAN,NAN,NAN,1
NAN,NAN,NAN,NAN,NAN,NAN,NAN,1
5.722482436,4.450819672,1.601774424,1.611473293,1.598388347,137.3112855,1.36E-15,1
NAN,NAN,NAN,NAN,NAN,NAN,NAN,NAN
NAN,NAN,NAN,NAN,NAN,NAN,NAN,NAN
NAN,NAN,NAN,NAN,NAN,NAN,NAN,1
7.631336406,5.935483871,1.712879934,1.65419332,1.678746295,138.0575571,1.38E-15,1
NAN,NAN,NAN,NAN,NAN,NAN,NAN,1
6.402399128,4.979643766,1.59292626,1.628463733,1.574338852,160.955989,2.18E-15,1
NAN,NAN,NAN,NAN,NAN,NAN,NAN,0
NAN,NAN,NAN,NAN,NAN,NAN,NAN,0
8.537142857,6.64,1.621787758,1.612240482,1.506122213,138.4276864,1.39E-15,1
NAN,NAN,NAN,NAN,NAN,NAN,NAN,1
NAN,NAN,NAN,NAN,NAN,NAN,NAN,1
9.668385766,7.519855596,1.706005478,1.64624341,1.695206454,143.2417266,1.54E-15,1
NAN,NAN,NAN,NAN,NAN,NAN,NAN,NAN
NAN,NAN,NAN,NAN,NAN,NAN,NAN,NAN
12.45332646,9.685920578,1.678655228,1.707112306,1.828603751,143.2417266,1.54E-15,1
NAN,NAN,NAN,NAN,NAN,NAN,NAN,1
NAN,NAN,NAN,NAN,NAN,NAN,NAN,NAN
NAN,NAN,NAN,NAN,NAN,NAN,NAN,NAN
NAN,NAN,NAN,NAN,NAN,NAN,NAN,1
1.308074534,1.017391304,1.168489887,1.216709273,1.170224507,182.7253935,3.19E-15,1
2.916376307,2.268292683,1.357020963,1.360430614,1.266748271,163.244131,2.28E-15,1
NAN,NAN,NAN,NAN,NAN,NAN,NAN,1
NAN,NAN,NAN,NAN,NAN,NAN,NAN,1
1.251386963,0.973300971,1.158752526,1.164383576,1.167935166,163.5091382,2.29E-15,1
NAN,NAN,NAN,NAN,NAN,NAN,NAN,1
2.546382189,1.980519481,1.197294697,1.263447459,1.099902862,117.7831589,8.56E-16,1
NAN,NAN,NAN,NAN,NAN,NAN,NAN,1
0.622119816,0.483870968,1.090325603,1.062781995,1.059186602,118.037551,8.61E-16,1
0.732467532,0.56969697,1.069611262,1.06994208,1.02624398,120.5232791,9.17E-16,1
NAN,NAN,NAN,NAN,NAN,NAN,NAN,1
NAN,NAN,NAN,NAN,NAN,NAN,NAN,NAN
NAN,NAN,NAN,NAN,NAN,NAN,NAN,NAN
NAN,NAN,NAN,NAN,NAN,NAN,NAN,1
0.495173745,0.385135135,1.019299658,1.013928362,1.0330563,116.2332004,8.22E-16,1
NAN,NAN,NAN,NAN,NAN,NAN,NAN,NAN
NAN,NAN,NAN,NAN,NAN,NAN,NAN,NAN
NAN,NAN,NAN,NAN,NAN,NAN,NAN,0
NAN,NAN,NAN,NAN,NAN,NAN,NAN,0
NAN,NAN,NAN,NAN,NAN,NAN,NAN,NAN
NAN,0.485861183,NAN,NAN,NAN,NAN,NAN,NAN
NAN,0.474860335,NAN,NAN,NAN,NAN,NAN,NAN
NAN,NAN,NAN,NAN,NAN,NAN,NAN,NAN
NAN,NAN,NAN,NAN,NAN,NAN,NAN,NAN
NAN,NAN,NAN,NAN,NAN,NAN,NAN,NAN
NAN,0.43767313,NAN,NAN,NAN,156.4631339,2.01E-15,NAN
NAN,NAN,NAN,NAN,NAN,NAN,NAN,NAN
NAN,NAN,NAN,NAN,NAN,NAN,NAN,NAN
NAN,0.915742794,NAN,NAN,NAN,168.5136704,2.51E-15,NAN
NAN,NAN,NAN,NAN,NAN,NAN,NAN,NAN
NAN,NAN,NAN,NAN,NAN,NAN,NAN,NAN
NAN,NAN,NAN,NAN,NAN,NAN,NAN,NAN
NAN,4.901162791,NAN,NAN,NAN,153.9675166,1.91E-15,NAN
NAN,NAN,NAN,NAN,NAN,NAN,NAN,NAN
NAN,NAN,NAN,NAN,NAN,NAN,NAN,NAN
NAN,NAN,NAN,NAN,NAN,NAN,NAN,NAN
NAN,NAN,NAN,NAN,NAN,NAN,NAN,NAN
NAN,5.405063291,NAN,NAN,NAN,161.2285653,2.19E-15,NAN
NAN,NAN,NAN,NAN,NAN,NAN,NAN,NAN
NAN,NAN,NAN,NAN,NAN,NAN,NAN,NAN
NAN,NAN,NAN,NAN,NAN,NAN,NAN,NAN
NAN,4.052083333,NAN,NAN,NAN,159.717817,2.13E-15,NAN
NAN,5.243902439,NAN,NAN,NAN,163.244131,2.28E-15,NAN
NAN,NAN,NAN,NAN,NAN,NAN,NAN,NAN
NAN,NAN,NAN,NAN,NAN,NAN,NAN,NAN
NAN,5.00867679,NAN,NAN,NAN,169.7500585,2.56E-15,NAN
NAN,NAN,NAN,NAN,NAN,NAN,NAN,NAN
NAN,NAN,NAN,NAN,NAN,NAN,NAN,NAN
NAN,0,NAN,NAN,NAN,NAN,NAN,NAN
NAN,0,NAN,NAN,NAN,NAN,NAN,NAN
NAN,NAN,NAN,NAN,NAN,NAN,NAN,NAN
NAN,NAN,NAN,NAN,NAN,NAN,NAN,NAN
NAN,NAN,NAN,NAN,NAN,NAN,NAN,NAN
NAN,NAN,NAN,NAN,NAN,NAN,NAN,NAN
NAN,NAN,NAN,NAN,NAN,NAN,NAN,NAN
NAN,NAN,NAN,NAN,NAN,NAN,NAN,NAN
NAN,NAN,NAN,NAN,NAN,NAN,NAN,NAN
NAN,4.437665782,NAN,NAN,NAN,158.7413518,2.09E-15,NAN
NAN,NAN,NAN,NAN,NAN,NAN,NAN,NAN
NAN,NAN,NAN,NAN,NAN,NAN,NAN,NAN
NAN,0.647058824,NAN,NAN,NAN,162.9782606,2.27E-15,NAN
NAN,NAN,NAN,NAN,NAN,NAN,NAN,NAN
NAN,NAN,NAN,NAN,NAN,NAN,NAN,NAN
NAN,NAN,NAN,NAN,NAN,NAN,NAN,NAN
NAN,4.443686007,NAN,NAN,NAN,183.8832466,3.26E-15,NAN
NAN,NAN,NAN,NAN,NAN,NAN,NAN,NAN
NAN,NAN,NAN,NAN,NAN,NAN,NAN,NAN
NAN,NAN,NAN,NAN,NAN,NAN,NAN,NAN
NAN,3.08997955,NAN,NAN,NAN,173.1194687,2.72E-15,NAN
NAN,0.874734607,NAN,NAN,NAN,170.9686936,2.62E-15,NAN
NAN,NAN,NAN,NAN,NAN,NAN,NAN,NAN
NAN,NAN,NAN,NAN,NAN,NAN,NAN,NAN
NAN,0.454545455,NAN,NAN,NAN,155.1519287,1.96E-15,NAN
NAN,0.567901235,NAN,NAN,NAN,162.577821,2.25E-15,NAN
NAN,NAN,NAN,NAN,NAN,NAN,NAN,NAN
NAN,NAN,NAN,NAN,NAN,NAN,NAN,NAN
NAN,0.74789916,NAN,NAN,NAN,171.5715501,2.64E-15,NAN
NAN,NAN,NAN,NAN,NAN,NAN,NAN,NAN
NAN,NAN,NAN,NAN,NAN,NAN,NAN,NAN
NAN,NAN,NAN,NAN,NAN,NAN,NAN,NAN
NAN,0.964285714,NAN,NAN,NAN,197.67576,4.04E-15,NAN
NAN,NAN,NAN,NAN,NAN,NAN,NAN,0
NAN,NAN,NAN,NAN,NAN,NAN,NAN,0
NAN,NAN,NAN,NAN,NAN,NAN,NAN,NAN
NAN,NAN,NAN,NAN,NAN,NAN,NAN,0
NAN,NAN,NAN,NAN,NAN,NAN,NAN,0
NAN,NAN,NAN,NAN,NAN,NAN,NAN,0
NAN,NAN,NAN,NAN,NAN,NAN,NAN,0
NAN,NAN,NAN,NAN,NAN,NAN,NAN,0
NAN,NAN,NAN,NAN,NAN,NAN,NAN,0
NAN,NAN,NAN,NAN,NAN,NAN,NAN,2
1.766329899,1.275682705,1.185655857,1.18942591,1.157949467,201.319142,4.27E-15,2
1.322151533,0.954887218,1.144774298,1.142254935,1.087025933,191.8006933,3.69E-15,2
NAN,NAN,NAN,NAN,NAN,NAN,NAN,2
NAN,NAN,NAN,NAN,NAN,NAN,NAN,NAN
NAN,NAN,NAN,NAN,NAN,NAN,NAN,NAN
NAN,NAN,NAN,NAN,NAN,NAN,NAN,2
3.679358717,2.657314629,1.504564626,1.504274138,1.458800207,219.5936637,5.54E-15,2
2.644770959,1.91011236,1.374647478,1.317673747,1.259140393,211.368189,4.94E-15,2
NAN,NAN,NAN,NAN,NAN,NAN,NAN,2
NAN,NAN,NAN,NAN,NAN,NAN,NAN,NAN
NAN,NAN,NAN,NAN,NAN,NAN,NAN,NAN
NAN,NAN,NAN,NAN,NAN,NAN,NAN,2
5.010989011,3.619047619,1.561476621,1.567886377,1.543127418,223.3431946,5.83E-15,2
NAN,NAN,NAN,NAN,NAN,NAN,NAN,NAN
NAN,NAN,NAN,NAN,NAN,NAN,NAN,NAN
NAN,NAN,NAN,NAN,NAN,NAN,NAN,2
7.696527911,5.558603491,NAN,NAN,NAN,204.158632,4.46E-15,2
NAN,NAN,NAN,NAN,NAN,NAN,NAN,2
4.647435897,3.356481481,NAN,NAN,NAN,284.0496169,1.20E-14,2
0.235042735,0.169753086,0.972735863,1.01639978,0.941537943,150.9238797,1.80E-15,0
NAN,NAN,NAN,NAN,NAN,NAN,NAN,0
NAN,NAN,NAN,NAN,NAN,NAN,NAN,NAN
NAN,0.095679012,NAN,NAN,NAN,NAN,NAN,NAN
0.213483146,0.213483146,0.960280657,0.968544007,0.967568959,155.7374132,1.98E-15,4
NAN,NAN,NAN,NAN,NAN,NAN,NAN,4
NAN,NAN,NAN,NAN,NAN,NAN,NAN,NAN
NAN,NAN,NAN,NAN,NAN,NAN,NAN,NAN
0.319004525,0.319004525,1.026683915,1.05321108,1.01270097,167.3851968,2.46E-15,4
NAN,NAN,NAN,NAN,NAN,NAN,NAN,4
NAN,NAN,NAN,NAN,NAN,NAN,NAN,NAN
NAN,NAN,NAN,NAN,NAN,NAN,NAN,NAN
0.242503259,0.242503259,0.951964431,1.01613469,1.025399171,201.1444615,4.26E-15,4
NAN,NAN,NAN,NAN,NAN,NAN,NAN,4
NAN,NAN,NAN,NAN,NAN,NAN,NAN,NAN
NAN,NAN,NAN,NAN,NAN,NAN,NAN,NAN
1.787193974,1.787193974,1.190766542,1.23014333,1.238516199,177.9403599,2.95E-15,4
NAN,NAN,NAN,NAN,NAN,NAN,NAN,4
1.946969697,1.946969697,1.192590974,1.211433665,1.052981015,140.9648823,1.47E-15,4
NAN,NAN,NAN,NAN,NAN,NAN,NAN,4
NAN,NAN,NAN,NAN,NAN,NAN,NAN,NAN
NAN,NAN,NAN,NAN,NAN,NAN,NAN,NAN
1.216981132,1.216981132,1.143048858,1.173848502,1.170077483,188.9710732,3.53E-15,4
NAN,NAN,NAN,NAN,NAN,NAN,NAN,4
NAN,NAN,NAN,NAN,NAN,NAN,NAN,NAN
NAN,NAN,NAN,NAN,NAN,NAN,NAN,NAN
3.972972973,3.972972973,1.519558074,1.527451014,1.35066763,157.7527234,2.06E-15,4
NAN,NAN,NAN,NAN,NAN,NAN,NAN,4
NAN,NAN,NAN,NAN,NAN,NAN,NAN,NAN
NAN,NAN,NAN,NAN,NAN,NAN,NAN,NAN
3.057971014,3.057971014,1.329096885,1.393237338,1.163013097,143.069146,1.53E-15,4
NAN,NAN,NAN,NAN,NAN,NAN,NAN,4
NAN,NAN,NAN,NAN,NAN,NAN,NAN,4
6.309090909,6.309090909,1.492836562,1.487420407,1.489713393,180.0378649,3.06E-15,4
NAN,NAN,NAN,NAN,NAN,NAN,NAN,NAN
NAN,NAN,NAN,NAN,NAN,NAN,NAN,NAN
NAN,NAN,NAN,NAN,NAN,NAN,NAN,4
3.842219804,3.842219804,1.565869002,1.544772113,1.711586603,213.639455,5.11E-15,4
5.583463339,5.583463339,1.569433412,1.559727384,NAN,189.4649883,3.56E-15,4
NAN,NAN,NAN,NAN,NAN,NAN,NAN,4
NAN,NAN,NAN,NAN,NAN,NAN,NAN,0
NAN,NAN,NAN,NAN,NAN,NAN,NAN,0
0.149601064,0.132978723,0.970020532,0.962067655,0.938341517,158.6008726,2.09E-15,5
NAN,NAN,NAN,NAN,NAN,NAN,NAN,5
NAN,NAN,NAN,NAN,NAN,NAN,NAN,NAN
NAN,NAN,NAN,NAN,NAN,NAN,NAN,NAN
NAN,NAN,NAN,NAN,NAN,NAN,NAN,5
0.263084633,0.233853007,1.032530667,1.040794747,1.042619242,168.264205,2.49E-15,5
NAN,NAN,NAN,NAN,NAN,NAN,NAN,NAN
NAN,NAN,NAN,NAN,NAN,NAN,NAN,NAN
0.464630931,0.413005272,0.999330807,0.976482616,0.968986901,182.0876033,3.16E-15,5
NAN,NAN,NAN,NAN,NAN,NAN,NAN,5
NAN,NAN,NAN,NAN,NAN,NAN,NAN,NAN
NAN,NAN,NAN,NAN,NAN,NAN,NAN,NAN
NAN,NAN,NAN,NAN,NAN,NAN,NAN,5
0.254622781,0.226331361,0.975169851,0.987126959,1.018304921,192.8524629,3.76E-15,5
NAN,NAN,NAN,NAN,NAN,NAN,NAN,5
NAN,NAN,1.107415568,1.009502267,1.02523495,NAN,NAN,5
1.6875,1.5,1.273931211,1.182750498,1.271877429,232.204319,6.56E-15,5
NAN,NAN,NAN,NAN,NAN,NAN,NAN,5
NAN,NAN,NAN,NAN,NAN,NAN,NAN,NAN
NAN,NAN,NAN,NAN,NAN,NAN,NAN,NAN
NAN,NAN,NAN,NAN,NAN,NAN,NAN,5
2.177419355,1.935483871,1.320542703,1.281374806,1.33997594,236.075102,6.89E-15,5
NAN,NAN,NAN,NAN,NAN,NAN,NAN,NAN
NAN,NAN,NAN,NAN,NAN,NAN,NAN,NAN
NAN,NAN,NAN,NAN,NAN,NAN,NAN,5
2.038590604,1.812080537,1.40105329,1.329844595,1.326221771,250.9795755,8.28E-15,5
NAN,NAN,NAN,NAN,NAN,NAN,NAN,0
NAN,NAN,NAN,NAN,NAN,NAN,NAN,0
NAN,NAN,NAN,NAN,NAN,NAN,NAN,NAN
NAN,NAN,NAN,NAN,NAN,NAN,NAN,NAN
NAN,0.019230769,NAN,NAN,NAN,149.0371335,1.73E-15,NAN
NAN,NAN,NAN,NAN,NAN,NAN,NAN,0
0.018218623,0.013157895,0.960388258,0.966820386,0.949897457,93.07809546,4.22E-16,0
NAN,NAN,NAN,NAN,NAN,NAN,NAN,0
NAN,NAN,NAN,NAN,NAN,NAN,NAN,NAN
NAN,NAN,NAN,NAN,NAN,NAN,NAN,NAN
NAN,NAN,NAN,NAN,NAN,NAN,NAN,0
NAN,NAN,NAN,NAN,NAN,NAN,NAN,NAN
NAN,NAN,NAN,NAN,NAN,NAN,NAN,0
NAN,NAN,NAN,NAN,NAN,NAN,NAN,NAN
NAN,NAN,NAN,NAN,NAN,NAN,NAN,0
NAN,NAN,NAN,NAN,NAN,NAN,NAN,0
NAN,NAN,NAN,NAN,NAN,NAN,NAN,NAN
NAN,NAN,NAN,NAN,NAN,NAN,NAN,0
NAN,NAN,NAN,NAN,NAN,NAN,NAN,NAN
NAN,NAN,NAN,NAN,NAN,NAN,NAN,0
NAN,NAN,NAN,NAN,NAN,NAN,NAN,0
NAN,-1.11E-16,NAN,NAN,NAN,203.7334774,4.43E-15,NAN
NAN,NAN,NAN,NAN,NAN,NAN,NAN,NAN
NAN,NAN,NAN,NAN,NAN,NAN,NAN,NAN
NAN,NAN,NAN,NAN,NAN,NAN,NAN,NAN
NAN,NAN,NAN,NAN,NAN,NAN,NAN,0
NAN,NAN,NAN,NAN,NAN,NAN,NAN,NAN
NAN,NAN,NAN,NAN,NAN,NAN,NAN,NAN
NAN,0.020594966,NAN,NAN,NAN,166.7516359,2.43E-15,NAN
NAN,NAN,NAN,NAN,NAN,NAN,NAN,NAN
NAN,NAN,NAN,NAN,NAN,NAN,NAN,0
NAN,NAN,NAN,NAN,NAN,NAN,NAN,0
0.146083275,0.105504587,0.973170735,0.952783196,0.940456983,132.2498299,1.21E-15,0
NAN,NAN,NAN,NAN,NAN,NAN,NAN,0
NAN,NAN,NAN,NAN,NAN,NAN,NAN,NAN
NAN,NAN,NAN,NAN,NAN,NAN,NAN,NAN
NAN,0.178417266,NAN,NAN,NAN,194.6425979,3.86E-15,NAN
NAN,NAN,NAN,NAN,NAN,NAN,NAN,0
NAN,NAN,NAN,NAN,NAN,NAN,NAN,NAN
NAN,NAN,NAN,NAN,NAN,NAN,NAN,NAN
0.145557465,0.105124836,0.963229797,1.1027165,0.962876085,200.6185912,4.23E-15,0
NAN,NAN,NAN,NAN,NAN,NAN,NAN,0
NAN,NAN,NAN,NAN,NAN,NAN,NAN,NAN
NAN,NAN,NAN,NAN,NAN,NAN,NAN,NAN
0.118343195,0.085470085,0.925555101,0.98097173,0.927626432,135.4092222,1.30E-15,0
NAN,NAN,NAN,NAN,NAN,NAN,NAN,0
NAN,NAN,NAN,NAN,NAN,NAN,NAN,0
0.140214216,0.101265823,0.958813121,0.98908983,0.946524797,135.9854386,1.32E-15,0
NAN,NAN,NAN,NAN,NAN,NAN,NAN,NAN
NAN,NAN,NAN,NAN,NAN,NAN,NAN,NAN
NAN,NAN,NAN,NAN,NAN,NAN,NAN,0
0.103253715,0.074572127,0.940831331,0.986534347,0.927415331,205.5073656,4.54E-15,0
NAN,NAN,NAN,NAN,NAN,NAN,NAN,0
0.173076923,0.125,1.074696112,1.312412399,0.930201287,206.0086051,4.58E-15,0
NAN,NAN,NAN,NAN,NAN,NAN,NAN,NAN
NAN,NAN,NAN,NAN,NAN,NAN,NAN,NAN
NAN,NAN,NAN,NAN,NAN,NAN,NAN,0
0.136191677,0.098360656,1.006171154,1.10910344,0.947019408,137.3112855,1.36E-15,0
NAN,NAN,NAN,NAN,NAN,NAN,NAN,0
NAN,NAN,NAN,NAN,NAN,NAN,NAN,NAN
NAN,0.163265306,NAN,NAN,NAN,153.8181785,1.91E-15,NAN
NAN,NAN,NAN,NAN,NAN,NAN,NAN,2
NAN,NAN,NAN,NAN,NAN,NAN,NAN,NAN
NAN,NAN,NAN,NAN,NAN,NAN,NAN,NAN
0.467826451,0.337874659,0.918004454,1.199229382,0.930382095,157.3252072,2.04E-15,2
NAN,NAN,NAN,NAN,NAN,NAN,NAN,2
NAN,NAN,NAN,NAN,NAN,NAN,NAN,NAN
NAN,NAN,NAN,NAN,NAN,NAN,NAN,NAN
NAN,NAN,NAN,NAN,NAN,NAN,NAN,2
1.846153846,1.333333333,1.203721934,NAN,1.194369309,194.1747052,3.83E-15,2
NAN,NAN,NAN,NAN,NAN,NAN,NAN,NAN
NAN,NAN,NAN,NAN,NAN,NAN,NAN,NAN
NAN,NAN,NAN,NAN,NAN,NAN,NAN,2
1.315068493,0.949771689,1.100963431,1.202811653,1.033543275,166.8787332,2.43E-15,2
NAN,NAN,NAN,NAN,NAN,NAN,NAN,2
NAN,2.03125,NAN,NAN,NAN,189.3664113,3.56E-15,NAN
NAN,NAN,NAN,NAN,NAN,NAN,NAN,NAN
NAN,NAN,NAN,NAN,NAN,NAN,NAN,NAN
NAN,NAN,NAN,NAN,NAN,NAN,NAN,2
3.009535919,2.173553719,1.25896184,1.92815979,1.242931286,185.849508,3.36E-15,2
2.372781065,1.713675214,1.204199639,1.695516426,1.151515421,170.6049293,2.60E-15,2
NAN,NAN,NAN,NAN,NAN,NAN,NAN,2
NAN,NAN,NAN,NAN,NAN,NAN,NAN,2
1.704677232,1.231155779,1.211365048,1.508461894,1.145441544,161.6357099,2.21E-15,2
NAN,NAN,NAN,NAN,NAN,NAN,NAN,2
0.779110797,0.562691131,1.084003801,NAN,1.109049542,151.3882638,1.82E-15,2
NAN,NAN,NAN,NAN,NAN,NAN,NAN,2
3.038060061,2.194154489,1.38681948,NAN,1.46854748,216.6197884,5.32E-15,2
NAN,NAN,NAN,NAN,NAN,NAN,NAN,NAN
NAN,2.38790932,NAN,NAN,NAN,203.4775306,4.41E-15,NAN
NAN,NAN,NAN,NAN,NAN,NAN,NAN,NAN
NAN,NAN,NAN,NAN,NAN,NAN,NAN,NAN
1.374301676,0.99255121,1.193352566,1.297250696,1.187049907,178.6080598,2.98E-15,2
NAN,NAN,NAN,NAN,NAN,NAN,NAN,2
NAN,NAN,NAN,NAN,NAN,NAN,NAN,NAN
NAN,NAN,NAN,NAN,NAN,NAN,NAN,NAN
NAN,NAN,NAN,NAN,NAN,NAN,NAN,NAN
NAN,NAN,NAN,NAN,NAN,NAN,NAN,NAN